,Count,Phase-Out:,Net-zero:,Retro-fitting:,Light-weighting:,Modal shift:,Scrap age:,Regulated EV manufacture:,Modal shift rate (years):,Cumulative Electric Emissions,Cumulative Tailpipe Emissions,Cumulative WTT Emissions,Cumulative EV Production Emissions,Cumulative ICE Production Emissions,Cumulative Conversion Production Emissions,Cumulative Electric Energy,Cumulative Tailpipe Energy,Cumulative WTT Energy,Cumulative EV Production Energy,Cumulative ICE Production Energy,Cumulative Conversion Production Energy
0,0,2025,2020,0.2,840,-50,10,1,3,4.136103786216327,26.039878611892828,7.039277078287423,13.319355716690824,1.0667552547583332,2.491672535788334,225657601912.7062,397066273403.5236,91088511882.27885,257595272000.0,25604020000.0,49587682000
0,0,2025,2020,0.2,840,-52,10,1,3,3.960648532583865,25.65615598774785,6.935932466417489,13.001002842344155,1.0218392440316666,2.408846855928334,216098718189.76202,391225150467.32886,89730840474.43425,251403832000.0,24525956000.0,47939338000
0,0,2025,2020,0.2,840,-54,10,1,3,3.789687081116664,25.24297605369929,6.824782870807939,12.656894460638322,0.9544652279416667,2.346727596033334,206773826527.20355,384938960594.4166,88266964922.75514,244738696000.0,22908860000.0,46703080000
0,0,2025,2020,0.2,840,-56,10,1,3,3.6153239442214664,24.851581317246733,6.719068968589285,12.322460547636654,0.909549217215,2.270804056161667,197270128531.08292,378973174697.8356,86884475739.34294,238236872000.0,21830796000.0,45192098000
0,0,2025,2020,0.2,840,-58,10,1,3,3.4407727066247897,24.45850812183773,6.612988387004443,11.888272503951654,0.8590187051475001,2.19488051629,187774663710.12582,372984057630.5488,85496588500.90166,229856504000.0,20617974000.0,43681116000
0,0,2025,2020,0.2,840,-60,10,1,3,3.267486708330365,24.05394468226463,6.5041453337719615,11.373679266991653,0.802873691739167,2.139663396383334,178349974404.37567,366828664735.7438,84065953144.6762,219924216000.0,19270394000.0,42582220000
0,0,2025,2020,0.2,840,-62,10,1,3,3.0942367905006503,23.65016863282735,6.395287824426418,10.843004991376654,0.7523431796716669,2.0775441364883336,168922984991.046,360679370206.5108,82640446258.03677,209681544000.0,18057572000.0,41345962000
0,0,2025,2020,0.2,840,-64,10,1,3,2.9230961817663275,23.232637847733795,6.28332725771296,10.317232563891652,0.7018126676041668,1.9947184566283331,159590590219.34842,354336328396.7159,81161869955.89224,199463232000.0,16844750000.0,39697618000
0,0,2025,2020,0.2,840,-66,10,1,3,2.7517911276537643,22.815752667636794,6.170997018548197,9.786558288276654,0.6512821555366669,1.9187949167566665,150252400463.2881,347988986601.4863,79690596209.9666,189220560000.0,15631928000.0,38186636000
0,0,2025,2020,0.2,840,-68,10,1,3,2.5813783818619114,22.39164263347232,6.0566987107971,9.28163952002082,0.6007516434691669,1.8428713768849998,140959305834.64886,341531087610.1398,78193545044.73029,179451584000.0,14419106000.0,36675654000
0,0,2025,2020,0.2,840,-70,10,1,3,2.4108441382722887,21.966580913932443,5.942647696513301,8.759005763733322,0.5502211314016668,1.7669478370133331,131657054068.15445,335071791143.86566,76691391271.53546,169364104000.0,13206284000.0,35164672000
0,0,2025,2020,0.2,840,-72,10,1,3,2.242617758205223,21.52497916217291,5.8240111632495974,8.244412526773322,0.4940761179933335,1.7048285771183331,122477633623.72006,328357314840.8375,75131514705.42896,159431816000.0,11858704000.0,33928414000
0,0,2025,2020,0.2,840,-74,10,1,3,2.074477071692684,21.082048536010035,5.704803507744147,7.7073316812074895,0.4435456059258335,1.6427093172233331,113306991779.05432,321617067978.6823,73568583927.5952,149042072000.0,10645882000.0,32692156000
0,0,2025,2020,0.2,840,-76,10,1,3,1.9083552519288185,20.62445663962238,5.582092352692184,7.187965823673324,0.39301509385833344,1.5736879173399998,104243270434.44629,314665212060.25775,71951377424.8286,138970832000.0,9433060000.0,31318536000
0,0,2025,2020,0.2,840,-78,10,1,3,1.7418421016970937,20.165862137717042,5.459441481171953,6.69912809407249,0.34809908313166676,1.5115686574449998,95155554291.46837,307706679344.3702,70329503442.66174,129512240000.0,8354996000.0,30082278000
0,0,2025,2020,0.2,840,-80,10,1,3,1.5767287293827956,19.696368352496062,5.3342688380238155,6.465953033574991,0.29756857106416673,1.4356451175733331,86141211562.29851,300592985939.55914,68667914207.7458,125011672000.0,7142174000.0,28571296000
0,0,2025,2020,0.2,840,-82,10,1,3,1.4133640671180498,19.214259137898086,5.20546420586716,6.203883794520825,0.25265256033750005,1.3666237176899998,77220622672.62723,293281165226.8888,66963130575.1932,119906576000.0,6064110000.0,27197676000
0,0,2025,2020,0.2,840,-84,10,1,3,1.2488038356944091,18.736886009005524,5.077920195948498,5.978749253350824,0.21335105095166668,1.2837980378299998,68238661219.633026,286041050989.4792,65276663424.37182,115561200000.0,5120804000.0,25549332000
0,0,2025,2020,0.2,840,-86,10,1,3,1.0884525819324913,18.229977723993574,4.9427257906614726,5.707005545592492,0.1628205388841667,1.2423851978999998,59479470704.884544,278359247710.6859,63483255214.8432,110292792000.0,3907982000.0,24725160000
0,0,2025,2020,0.2,840,-88,10,1,3,0.9283873411487823,17.716798011771836,4.806804743210112,5.45938339581666,0.14036253352083336,1.1733637980166665,50734062690.91039,270606992908.4184,61664365410.43986,105489960000.0,3368950000.0,23351540000
0,0,2025,2020,0.2,840,-90,10,1,3,0.7697322348424216,17.190240664595763,4.667735800695097,5.187639688058327,0.12351902949833335,1.1250488180983331,42065108259.89646,262662926039.45804,59796069338.352745,100221552000.0,2964676000.0,22390006000
0,0,2025,2020,0.2,840,-50,10,1,5,4.153816446778006,27.622116849662074,7.466268642914901,13.319355716690824,1.0667552547583332,2.491672535788334,226615830886.3339,421173892640.1411,96632488365.13667,257595272000.0,25604020000.0,49587682000
0,0,2025,2020,0.2,840,-52,10,1,5,3.97843281334604,27.306883444926026,7.3813818750620985,13.001002842344155,1.0218392440316666,2.408846855928334,217061055148.73227,416375648332.49695,95514289765.11482,251403832000.0,24525956000.0,47939338000
0,0,2025,2020,0.2,840,-54,10,1,5,3.807826618154091,26.9603860834753,7.288209571372859,12.656894460638322,0.9544652279416667,2.346727596033334,207755607709.46518,411104992218.8812,94283279616.65945,244738696000.0,22908860000.0,46703080000
0,0,2025,2020,0.2,840,-56,10,1,5,3.6334493118778832,26.638345600753432,7.201148656056381,12.322460547636654,0.909549217215,2.270804056161667,198251422587.73325,406194269490.93335,93143342040.11864,238236872000.0,21830796000.0,45192098000
0,0,2025,2020,0.2,840,-58,10,1,5,3.458755120580096,26.31556651132544,7.113976069304248,11.888272503951654,0.8590187051475001,2.19488051629,188748649090.0627,401274571277.2206,92001330381.78677,229856504000.0,20617974000.0,43681116000
0,0,2025,2020,0.2,840,-60,10,1,5,3.285429578602831,25.980527738612118,7.023852661037319,11.373679266991653,0.802873691739167,2.139663396383334,179322216414.5026,396177375261.1598,90813611026.5193,219924216000.0,19270394000.0,42582220000
0,0,2025,2020,0.2,840,-62,10,1,5,3.111975404237292,25.64761641727247,6.934049361023776,10.843004991376654,0.7523431796716669,2.0775441364883336,169884876275.04953,391105991685.7327,89635902335.89043,209681544000.0,18057572000.0,41345962000
0,0,2025,2020,0.2,840,-64,10,1,5,2.940639398822049,25.30095729878635,6.84120054141599,10.317232563891652,0.7018126676041668,1.9947184566283331,160542290485.6871,385842413365.66644,88404578589.22083,199463232000.0,16844750000.0,39697618000
0,0,2025,2020,0.2,840,-66,10,1,5,2.7690154945596306,24.955930043877,6.748183287234368,9.786558288276654,0.6512821555366669,1.9187949167566665,151187204631.44748,380587874750.77136,87184503941.72952,189220560000.0,15631928000.0,38186636000
0,0,2025,2020,0.2,840,-68,10,1,5,2.598269833062811,24.603900764091538,6.653238564160084,9.28163952002082,0.6007516434691669,1.8428713768849998,141876546306.78973,375225666333.70575,85939340195.76566,179451584000.0,14419106000.0,36675654000
0,0,2025,2020,0.2,840,-70,10,1,5,2.4272703539758003,24.251629048350203,6.5587879721106255,8.759005763733322,0.5502211314016668,1.7669478370133331,132549757429.15068,369874307698.76556,84691326258.44206,169364104000.0,13206284000.0,35164672000
0,0,2025,2020,0.2,840,-72,10,1,5,2.258687547770046,23.88228881659607,6.459584900698442,8.244412526773322,0.4940761179933335,1.7048285771183331,123351338656.08646,364259084383.6057,83383677606.37042,159431816000.0,11858704000.0,33928414000
0,0,2025,2020,0.2,840,-74,10,1,5,2.0899931593551058,23.51325031781074,6.360204549016312,7.7073316812074895,0.4435456059258335,1.6427093172233331,114151232195.30551,358641734226.98047,82078865754.11424,149042072000.0,10645882000.0,32692156000
0,0,2025,2020,0.2,840,-76,10,1,5,1.923271681745327,23.130456007647997,6.257576604063267,7.187965823673324,0.39301509385833344,1.5736879173399998,105055392825.80157,352826871257.91437,80722752995.35078,138970832000.0,9433060000.0,31318536000
0,0,2025,2020,0.2,840,-78,10,1,5,1.755937862418916,22.74782975481203,6.155345346039358,6.69912809407249,0.34809908313166676,1.5115686574449998,95923611142.13191,347023700533.4704,79366043869.32645,129512240000.0,8354996000.0,30082278000
0,0,2025,2020,0.2,840,-80,10,1,5,1.5900634010438899,22.35376568967308,6.050560275631529,6.465953033574991,0.29756857106416673,1.4356451175733331,86868294522.20052,341060108429.5689,77967021900.37599,125011672000.0,7142174000.0,28571296000
0,0,2025,2020,0.2,840,-82,10,1,5,1.4259323198825646,21.947689336378293,5.942220589107378,6.203883794520825,0.25265256033750005,1.3666237176899998,77906234464.63492,334905359209.3544,76527158480.49828,119906576000.0,6064110000.0,27197676000
0,0,2025,2020,0.2,840,-84,10,1,5,1.2601996552898722,21.548609272964597,5.83575799087122,5.978749253350824,0.21335105095166668,1.2837980378299998,68861262477.04182,328856923175.6339,75113754829.1004,115561200000.0,5120804000.0,25549332000
0,0,2025,2020,0.2,840,-86,10,1,5,1.0989848275506984,21.118464630348008,5.7212393705236675,5.707005545592492,0.1628205388841667,1.2423851978999998,60054853165.63216,322343680040.55695,73587520673.7318,110292792000.0,3907982000.0,24725160000
0,0,2025,2020,0.2,840,-88,10,1,5,0.9379368516013398,20.68216279267494,5.606264962724288,5.45938339581666,0.14036253352083336,1.1733637980166665,51255708398.611404,315767964511.37756,72034923424.3155,105489960000.0,3368950000.0,23351540000
0,0,2025,2020,0.2,840,-90,10,1,5,0.7783530565181158,20.23159621171157,5.4880341818400975,5.187639688058327,0.12351902949833335,1.1250488180983331,42536010417.98571,308990323416.9689,70428962040.19083,100221552000.0,2964676000.0,22390006000
0,0,2025,2020,0.2,840,-50,10,1,7,4.1819276898574484,29.093573656576034,7.862125461186236,13.319355716690824,1.0667552547583332,2.491672535788334,228132172009.82242,443561406977.23376,101798503083.31,257595272000.0,25604020000.0,49587682000
0,0,2025,2020,0.2,840,-52,10,1,7,4.006861533544515,28.84389628640366,7.794840356596796,13.001002842344155,1.0218392440316666,2.408846855928334,218594882163.93454,439759670672.49915,100909989428.66222,251403832000.0,24525956000.0,47939338000
0,0,2025,2020,0.2,840,-54,10,1,7,3.8368809409609215,28.560902564736416,7.7187199644927205,12.656894460638322,0.9544652279416667,2.346727596033334,209323425708.2903,435454358504.7709,99901186542.2558,244738696000.0,22908860000.0,46703080000
0,0,2025,2020,0.2,840,-56,10,1,7,3.6627020268689376,28.30555549703922,7.649525165138286,12.322460547636654,0.909549217215,2.270804056161667,199830381739.94623,431556369068.84015,98994989171.64708,238236872000.0,21830796000.0,45192098000
0,0,2025,2020,0.2,840,-58,10,1,7,3.488064600485616,28.05061440768999,7.58052525275696,11.888272503951654,0.8590187051475001,2.19488051629,190331308502.24005,427666783059.4045,98090762472.23148,229856504000.0,20617974000.0,43681116000
0,0,2025,2020,0.2,840,-60,10,1,7,3.314869541559233,27.782766046056985,7.50842022650249,11.373679266991653,0.802873691739167,2.139663396383334,180912448149.58615,423590364353.60345,97138299392.30931,219924216000.0,19270394000.0,42582220000
0,0,2025,2020,0.2,840,-62,10,1,7,3.14137419707158,27.518583240050866,7.4370183817654345,10.843004991376654,0.7523431796716669,2.0775441364883336,171473833936.90833,419562361330.984,96201430334.51729,209681544000.0,18057572000.0,41345962000
0,0,2025,2020,0.2,840,-64,10,1,7,2.970021627005038,27.240457785645617,7.3625754134453985,10.317232563891652,0.7018126676041668,1.9947184566283331,162130980487.45615,415340675711.0195,95209678414.6389,199463232000.0,16844750000.0,39697618000
0,0,2025,2020,0.2,840,-66,10,1,7,2.798161672882077,26.965825969912324,7.288395439573756,9.786558288276654,0.6512821555366669,1.9187949167566665,152763715573.01477,411154551166.387,94236219314.16335,189220560000.0,15631928000.0,38186636000
0,0,2025,2020,0.2,840,-68,10,1,7,2.627158385277191,26.68438985257166,7.212320865491716,9.28163952002082,0.6007516434691669,1.8428713768849998,143439835587.9796,406863236847.3272,93238286655.53842,179451584000.0,14419106000.0,36675654000
0,0,2025,2020,0.2,840,-70,10,1,7,2.455705925553666,26.404017390340346,7.137147506801958,8.759005763733322,0.5502211314016668,1.7669478370133331,134089496807.68806,402604091969.6423,92241836936.27849,169364104000.0,13206284000.0,35164672000
0,0,2025,2020,0.2,840,-72,10,1,7,2.2868014607657017,26.105757573391735,7.0569753159360396,8.244412526773322,0.4940761179933335,1.7048285771183331,124874187004.91183,398067946685.9471,91182831492.62276,159431816000.0,11858704000.0,33928414000
0,0,2025,2020,0.2,840,-74,10,1,7,2.117514179029466,25.81012245335543,6.977199383720564,7.7073316812074895,0.4435456059258335,1.6427093172233331,115642875085.98627,393563681561.8581,90135003877.4263,149042072000.0,10645882000.0,32692156000
0,0,2025,2020,0.2,840,-76,10,1,7,1.9502103137027418,25.501390116581593,6.8943519867950815,7.187965823673324,0.39301509385833344,1.5736879173399998,106516285234.49449,388871896563.18164,89038024454.69405,138970832000.0,9433060000.0,31318536000
0,0,2025,2020,0.2,840,-78,10,1,7,1.7819647782747934,25.194918407682017,6.812481025693202,6.69912809407249,0.34809908313166676,1.5115686574449998,97336033047.5775,384224077869.31836,87947798737.32944,129512240000.0,8354996000.0,30082278000
0,0,2025,2020,0.2,840,-80,10,1,7,1.6151905874676356,24.876799625650666,6.728107832514295,6.465953033574991,0.29756857106416673,1.4356451175733331,88232599581.85555,379415457849.2887,86813883044.31377,125011672000.0,7142174000.0,28571296000
0,0,2025,2020,0.2,840,-82,10,1,7,1.45007786355061,24.548042219618317,6.640439472761728,6.203883794520825,0.25265256033750005,1.3666237176899998,79217758567.75046,374433718741.13617,85644307570.07158,119906576000.0,6064110000.0,27197676000
0,0,2025,2020,0.2,840,-84,10,1,7,1.2828155895192306,24.229709214719005,6.555589127976437,5.978749253350824,0.21335105095166668,1.2837980378299998,70091029623.71913,369610935505.2629,84513383022.30086,115561200000.0,5120804000.0,25549332000
0,0,2025,2020,0.2,840,-86,10,1,7,1.1204200755534417,23.878659592313564,6.462207409254191,5.707005545592492,0.1628205388841667,1.2423851978999998,61220511356.191284,364297406687.1242,83263494088.00685,110292792000.0,3907982000.0,24725160000
0,0,2025,2020,0.2,840,-88,10,1,7,0.9575273268782223,23.526435344929933,6.3698286075173405,5.45938339581666,0.14036253352083336,1.1733637980166665,52320904896.408325,359000287029.4093,82004473930.10059,105489960000.0,3368950000.0,23351540000
0,0,2025,2020,0.2,840,-90,10,1,7,0.7958082347006997,23.16219912900667,6.274863557186159,5.187639688058327,0.12351902949833335,1.1250488180983331,43484840184.07155,353537182088.009,80699634397.52469,100221552000.0,2964676000.0,22390006000
0,0,2025,2020,0.2,840,-50,10,1,9,4.223287368661997,30.44356066552727,8.224471408398689,13.319355716690824,1.0667552547583332,2.491672535788334,230368537790.15958,464079175490.70325,106544681542.62045,257595272000.0,25604020000.0,49587682000
0,0,2025,2020,0.2,840,-52,10,1,9,4.048954298472413,30.255499116638383,8.17368253989394,13.001002842344155,1.0218392440316666,2.408846855928334,220871397581.8416,461212818289.9658,105872343726.73015,251403832000.0,24525956000.0,47939338000
0,0,2025,2020,0.2,840,-54,10,1,9,3.879977204511741,30.032369898696892,8.113587418448954,12.656894460638322,0.9544652279416667,2.346727596033334,211654454907.72705,457816244457.40607,105073291505.49826,244738696000.0,22908860000.0,46703080000
0,0,2025,2020,0.2,840,-56,10,1,9,3.70635154277383,29.840267574480006,8.061280910457107,12.322460547636654,0.909549217215,2.270804056161667,202191917941.89984,454877217548.6037,104389068950.90253,238236872000.0,21830796000.0,45192098000
0,0,2025,2020,0.2,840,-58,10,1,9,3.532139013349688,29.649637012035516,8.009452637803935,11.888272503951654,0.8590187051475001,2.19488051629,192716680603.9826,451962721792.7599,103710589752.36526,229856504000.0,20617974000.0,43681116000
0,0,2025,2020,0.2,840,-60,10,1,9,3.359392342815509,29.445812066378867,7.95446169261087,11.373679266991653,0.802873691739167,2.139663396383334,183322747789.29874,448857536620.5675,102982609386.7464,219924216000.0,19270394000.0,42582220000
0,0,2025,2020,0.2,840,-62,10,1,9,3.186150605205691,29.247431225667068,7.900617929360868,10.843004991376654,0.7523431796716669,2.0775441364883336,173899021026.43054,445826930948.6213,102276662786.96602,209681544000.0,18057572000.0,41345962000
0,0,2025,2020,0.2,840,-64,10,1,9,3.0150882288288665,29.034780507391577,7.843703085911946,10.317232563891652,0.7018126676041668,1.9947184566283331,164572702213.44034,442599173513.4211,101514079237.76347,199463232000.0,16844750000.0,39697618000
0,0,2025,2020,0.2,840,-66,10,1,9,2.843228186500475,28.828094902535724,7.787640848403882,9.786558288276654,0.6512821555366669,1.9187949167566665,155206209366.58826,439442622992.315,100779004146.93648,189220560000.0,15631928000.0,38186636000
0,0,2025,2020,0.2,840,-68,10,1,9,2.672212261511792,28.614693532929667,7.729685357993256,9.28163952002082,0.6007516434691669,1.8428713768849998,145882576063.11777,436181645685.2422,100019693202.25621,179451584000.0,14419106000.0,36675654000
0,0,2025,2020,0.2,840,-70,10,1,9,2.500481412972213,28.404245551701802,7.673195299833189,8.759005763733322,0.5502211314016668,1.7669478370133331,136518354924.21408,432983040406.7495,99268239759.12138,169364104000.0,13206284000.0,35164672000
0,0,2025,2020,0.2,840,-72,10,1,9,2.331421256011445,28.17513125081236,7.611468126175619,8.244412526773322,0.4940761179933335,1.7048285771183331,127295290839.7078,429494836584.7472,98451452706.13826,159431816000.0,11858704000.0,33928414000
0,0,2025,2020,0.2,840,-74,10,1,9,2.161672328375407,27.951275242868668,7.5507877676398465,7.7073316812074895,0.4435456059258335,1.6427093172233331,118040111762.30751,426077075802.88654,97655296516.94122,149042072000.0,10645882000.0,32692156000
0,0,2025,2020,0.2,840,-76,10,1,9,1.9939009484669783,27.715226363153576,7.487271188384046,7.187965823673324,0.39301509385833344,1.5736879173399998,108889220431.51483,422485345190.4487,96813012136.13348,138970832000.0,9433060000.0,31318536000
0,0,2025,2020,0.2,840,-78,10,1,9,1.8248163637661288,27.48385610020241,7.425396121291515,6.69912809407249,0.34809908313166676,1.5115686574449998,99664716836.59692,418974748384.00146,95985992934.93544,129512240000.0,8354996000.0,30082278000
0,0,2025,2020,0.2,840,-80,10,1,9,1.6571206122785551,27.241366872648257,7.361269663560991,6.465953033574991,0.29756857106416673,1.4356451175733331,90512155622.74258,415314212193.43976,95116493799.9773,125011672000.0,7142174000.0,28571296000
0,0,2025,2020,0.2,840,-82,10,1,9,1.4909664830715081,26.990010852632135,7.294197542937956,6.203883794520825,0.25265256033750005,1.3666237176899998,81441452576.03735,411504209396.28107,94217981996.13858,119906576000.0,6064110000.0,27197676000
0,0,2025,2020,0.2,840,-84,10,1,9,1.3220467616633695,26.753002346334178,7.23102098474971,5.978749253350824,0.21335105095166668,1.2837980378299998,72226350628.36697,407913426132.46075,93372042599.54123,115561200000.0,5120804000.0,25549332000
0,0,2025,2020,0.2,840,-86,10,1,9,1.1583299038768327,26.48186963218209,7.158884512824547,5.707005545592492,0.1628205388841667,1.2423851978999998,63284202058.51577,403809185420.8413,92401922412.64328,110292792000.0,3907982000.0,24725160000
0,0,2025,2020,0.2,840,-88,10,1,9,0.9931450051020914,26.217185515317656,7.08987854350399,5.45938339581666,0.14036253352083336,1.1733637980166665,54259827267.28359,399839332606.4559,91449549404.977,105489960000.0,3368950000.0,23351540000
0,0,2025,2020,0.2,840,-90,10,1,9,0.8286577426348427,25.944368965697013,7.019369802445688,5.187639688058327,0.12351902949833335,1.1250488180983331,45272926092.760086,395763553984.113,90464781703.5272,100221552000.0,2964676000.0,22390006000
0,0,2025,2020,0.2,840,-50,10,1,11,4.285013646817865,31.62143308103236,8.540159743780784,13.319355716690824,1.0667552547583332,2.491672535788334,233715691001.08112,481969083326.2112,110691463873.79814,257595272000.0,25604020000.0,49587682000
0,0,2025,2020,0.2,840,-52,10,1,11,4.112110203953869,31.4891276078132,8.504273799461634,13.001002842344155,1.0218392440316666,2.408846855928334,224296651731.6206,479948512706.0102,110215076531.51262,251403832000.0,24525956000.0,47939338000
0,0,2025,2020,0.2,840,-54,10,1,11,3.944812014598444,31.320173460849325,8.45865295419542,12.656894460638322,0.9544652279416667,2.346727596033334,215171027463.58078,477373584924.0324,109606163375.74915,244738696000.0,22908860000.0,46703080000
0,0,2025,2020,0.2,840,-56,10,1,11,3.7724352429477,31.185449853980558,8.42163260051655,12.322460547636654,0.909549217215,2.270804056161667,205776973823.31467,475303647001.2611,109123693826.70256,238236872000.0,21830796000.0,45192098000
0,0,2025,2020,0.2,840,-58,10,1,11,3.599299335460244,31.05365575734062,8.385480909117224,11.888272503951654,0.8590187051475001,2.19488051629,196361176071.74692,473280373902.6348,108652136222.58907,229856504000.0,20617974000.0,43681116000
0,0,2025,2020,0.2,840,-60,10,1,11,3.4276112133915273,30.908702819471895,8.346192808206602,11.373679266991653,0.802873691739167,2.139663396383334,187025479279.1726,471067386234.1477,108130980246.31264,219924216000.0,19270394000.0,42582220000
0,0,2025,2020,0.2,840,-62,10,1,11,3.255247730612462,30.770875285111533,8.30846674849463,10.843004991376654,0.7523431796716669,2.0775441364883336,177650796686.32874,468953584846.1462,107637955768.71497,209681544000.0,18057572000.0,41345962000
0,0,2025,2020,0.2,840,-64,10,1,11,3.0850661375972743,30.618737182326072,8.267718813449575,10.317232563891652,0.7018126676041668,1.9947184566283331,168373289498.4569,466643576027.6012,107087565086.49983,199463232000.0,16844750000.0,39697618000
0,0,2025,2020,0.2,840,-66,10,1,11,2.9137611604083773,30.475350604690615,8.228496329361086,9.786558288276654,0.6512821555366669,1.9187949167566665,159037924324.7346,464445172798.8801,106575025632.84047,189220560000.0,15631928000.0,38186636000
0,0,2025,2020,0.2,840,-68,10,1,11,2.7432698120085357,30.325456936659975,8.18740732419755,9.28163952002082,0.6007516434691669,1.8428713768849998,149743925593.63593,462144753348.9398,106038933106.2816,179451584000.0,14419106000.0,36675654000
0,0,2025,2020,0.2,840,-70,10,1,11,2.5717342999647714,30.180949947905884,8.148496463069055,8.759005763733322,0.5502211314016668,1.7669478370133331,140391787284.01425,459945237356.1114,105519018930.6843,169364104000.0,13206284000.0,35164672000
0,0,2025,2020,0.2,840,-72,10,1,11,2.4029278245480685,30.01751756196677,8.104253119759697,8.244412526773322,0.4940761179933335,1.7048285771183331,131183360068.13292,457451513914.39935,104932812114.6389,159431816000.0,11858704000.0,33928414000
0,0,2025,2020,0.2,840,-74,10,1,11,2.2331599352220057,29.861741847520744,8.061636966082558,7.7073316812074895,0.4435456059258335,1.6427093172233331,121928611703.81471,455063038256.22156,104375898728.87439,149042072000.0,10645882000.0,32692156000
0,0,2025,2020,0.2,840,-76,10,1,11,2.06539112367063,29.694552690176433,8.016371542531816,7.187965823673324,0.39301509385833344,1.5736879173399998,112779214355.82446,452511860517.8117,103775462891.35426,138970832000.0,9433060000.0,31318536000
0,0,2025,2020,0.2,840,-78,10,1,11,1.8958063375536487,29.535526405740843,7.97370515965366,6.69912809407249,0.34809908313166676,1.5115686574449998,103529141203.42593,450095352411.6162,103202587715.2545,129512240000.0,8354996000.0,30082278000
0,0,2025,2020,0.2,840,-80,10,1,11,1.7274874306383956,29.36623217697375,7.929130928122163,6.465953033574991,0.29756857106416673,1.4356451175733331,94343880838.81879,447544831331.5319,102589569123.30225,125011672000.0,7142174000.0,28571296000
0,0,2025,2020,0.2,840,-82,10,1,11,1.5605834288853575,29.18998726787338,7.881974174799945,6.203883794520825,0.25265256033750005,1.3666237176899998,85233363520.43279,444870036889.3525,101954777066.05933,119906576000.0,6064110000.0,27197676000
0,0,2025,2020,0.2,840,-84,10,1,11,1.390147369832827,29.033187905707873,7.840117073527538,5.978749253350824,0.21335105095166668,1.2837980378299998,75937881560.03548,442492873384.692,101390638965.06586,115561200000.0,5120804000.0,25549332000
0,0,2025,2020,0.2,840,-86,10,1,11,1.2252203415181349,28.841273286418296,7.788969320260128,5.707005545592492,0.1628205388841667,1.2423851978999998,66930268272.5396,439585507458.3684,100698619613.08826,110292792000.0,3907982000.0,24725160000
0,0,2025,2020,0.2,840,-88,10,1,11,1.0579090710526569,28.662942587419348,7.742921434557233,5.45938339581666,0.14036253352083336,1.1733637980166665,57790264876.134926,436922384175.2672,100049575147.35414,105489960000.0,3368950000.0,23351540000
0,0,2025,2020,0.2,840,-90,10,1,11,0.8906863606850872,28.481524980901824,7.6967551374258685,5.187639688058327,0.12351902949833335,1.1250488180983331,48654380525.316734,434230801964.09,99385759915.22238,100221552000.0,2964676000.0,22390006000
0,0,2025,2020,0.2,840,-50,10,1,13,4.373443099144738,32.580324946383826,8.796977993643011,13.319355716690824,1.0667552547583332,2.491672535788334,238520810665.2297,496528368984.1373,114075449298.95752,257595272000.0,25604020000.0,49587682000
0,0,2025,2020,0.2,840,-52,10,1,13,4.203072444683256,32.4947628789637,8.77357966859376,13.001002842344155,1.0218392440316666,2.408846855928334,229240060460.84308,495216703634.5607,113763832852.33363,251403832000.0,24525956000.0,47939338000
0,0,2025,2020,0.2,840,-54,10,1,13,4.038498939151008,32.37145948941541,8.740138468365453,12.656894460638322,0.9544652279416667,2.346727596033334,220262819205.99835,493333692446.8186,113315707935.19661,244738696000.0,22908860000.0,46703080000
0,0,2025,2020,0.2,840,-56,10,1,13,3.8684569301995975,32.285233552887284,8.716027687070115,12.322460547636654,0.909549217215,2.270804056161667,210996506320.84088,491998050896.8281,113004326802.7896,238236872000.0,21830796000.0,45192098000
0,0,2025,2020,0.2,840,-58,10,1,13,3.697517431020168,32.20316892878072,8.693112469269241,11.888272503951654,0.8590187051475001,2.19488051629,201701330357.57852,490727698939.82495,112708244239.44363,229856504000.0,20617974000.0,43681116000
0,0,2025,2020,0.2,840,-60,10,1,13,3.5279392484725944,32.108508853367276,8.66722429601666,11.373679266991653,0.802873691739167,2.139663396383334,192481296545.93088,489276513128.34515,112364424974.39436,219924216000.0,19270394000.0,42582220000
0,0,2025,2020,0.2,840,-62,10,1,13,3.357556986644852,32.022262234557196,8.64321344517092,10.843004991376654,0.7523431796716669,2.0775441364883336,183215955671.95288,487943298853.8637,112053410947.2012,209681544000.0,18057572000.0,41345962000
0,0,2025,2020,0.2,840,-64,10,1,13,3.189296031069754,31.922187817045536,8.61635338113418,10.317232563891652,0.7018126676041668,1.9947184566283331,174044074361.9269,486422334317.46515,111686315555.95853,199463232000.0,16844750000.0,39697618000
0,0,2025,2020,0.2,840,-66,10,1,13,3.0196498804455465,31.833165600052112,8.591577430514869,9.786558288276654,0.6512821555366669,1.9187949167566665,164800169343.15656,485046412450.56915,111365607438.15906,189220560000.0,15631928000.0,38186636000
0,0,2025,2020,0.2,840,-68,10,1,13,2.8507099577346096,31.738393975327394,8.565117796128382,9.28163952002082,0.6007516434691669,1.8428713768849998,155591899711.4031,483579456394.0347,111024013561.23523,179451584000.0,14419106000.0,36675654000
0,0,2025,2020,0.2,840,-70,10,1,13,2.680396817971111,31.65152665211827,8.541553352423232,8.759005763733322,0.5502211314016668,1.7669478370133331,146308040738.01025,482252741283.5319,110707337029.34557,169364104000.0,13206284000.0,35164672000
0,0,2025,2020,0.2,840,-72,10,1,13,2.51281623832261,31.545890844259365,8.512681165644704,8.244412526773322,0.4940761179933335,1.7048285771183331,137167399870.4216,480633751897.9648,110324895437.89748,159431816000.0,11858704000.0,33928414000
0,0,2025,2020,0.2,840,-74,10,1,13,2.3440526825321553,31.44991305077433,8.485916624714545,7.7073316812074895,0.4435456059258335,1.6427093172233331,127969104438.36475,479148953508.24994,109978993958.22687,149042072000.0,10645882000.0,32692156000
0,0,2025,2020,0.2,840,-76,10,1,13,2.1774082228237646,31.342570940761206,8.456481005028529,7.187965823673324,0.39301509385833344,1.5736879173399998,118882596270.61388,477501290123.57654,109589653503.52449,138970832000.0,9433060000.0,31318536000
0,0,2025,2020,0.2,840,-78,10,1,13,2.008384112823279,31.247453868851714,8.430756875100956,6.69912809407249,0.34809908313166676,1.5115686574449998,109665018794.20497,476050610495.289,109242281903.15677,129512240000.0,8354996000.0,30082278000
0,0,2025,2020,0.2,840,-80,10,1,13,1.8404388150879174,31.143391714741202,8.403583994093212,6.465953033574991,0.29756857106416673,1.4356451175733331,100501651745.827,474488727342.6542,108858897958.37816,125011672000.0,7142174000.0,28571296000
0,0,2025,2020,0.2,840,-82,10,1,13,1.6738679077856555,31.03368219889007,8.374030480884375,6.203883794520825,0.25265256033750005,1.3666237176899998,91410622315.27963,472818534396.59735,108458800421.18811,119906576000.0,6064110000.0,27197676000
0,0,2025,2020,0.2,840,-84,10,1,13,1.5028870480747465,30.949408936449945,8.351424554317466,5.978749253350824,0.21335105095166668,1.2837980378299998,82088152003.67494,471538061420.31995,108150667958.52148,115561200000.0,5120804000.0,25549332000
0,0,2025,2020,0.2,840,-86,10,1,13,1.3377815493743883,30.828726843487644,8.319107740347988,5.707005545592492,0.1628205388841667,1.2423851978999998,73071525789.74329,469705827472.5913,107709962954.74,110292792000.0,3907982000.0,24725160000
0,0,2025,2020,0.2,840,-88,10,1,13,1.1694385592427732,30.728170460122904,8.293685491964002,5.45938339581666,0.14036253352083336,1.1733637980166665,63875796980.5769,468218270911.58203,107335436229.3847,105489960000.0,3368950000.0,23351540000
0,0,2025,2020,0.2,840,-90,10,1,13,1.0006483625949523,30.629153496017423,8.269400100620915,5.187639688058327,0.12351902949833335,1.1250488180983331,54654834683.550415,466772920283.20386,106962392910.59006,100221552000.0,2964676000.0,22390006000
0,0,2025,2020,0.2,840,-50,10,1,15,4.490831511551368,33.30166511579891,8.990198045076776,13.319355716690824,1.0667552547583332,2.491672535788334,244908745533.86575,507481446139.97485,116622387025.73183,257595272000.0,25604020000.0,49587682000
0,0,2025,2020,0.2,840,-52,10,1,15,4.324372568587017,33.25146376702607,8.976247325939099,13.001002842344155,1.0218392440316666,2.408846855928334,235841688971.87527,506706080900.5604,116435499356.13007,251403832000.0,24525956000.0,47939338000
0,0,2025,2020,0.2,840,-54,10,1,15,4.163875167767243,33.162608489780595,8.951995440901932,12.656894460638322,0.9544652279416667,2.346727596033334,227086660507.7748,505345152835.80536,116108792506.3382,244738696000.0,22908860000.0,46703080000
0,0,2025,2020,0.2,840,-56,10,1,15,3.9975836464942303,33.11314583721268,8.93767313859542,12.322460547636654,0.909549217215,2.270804056161667,218025406036.3469,504566203365.752,115927194151.8703,238236872000.0,21830796000.0,45192098000
0,0,2025,2020,0.2,840,-58,10,1,15,3.8303134415965725,33.0686320242393,8.924752101217523,11.888272503951654,0.8590187051475001,2.19488051629,208931346757.93677,503864365178.6773,115763703881.84807,229856504000.0,20617974000.0,43681116000
0,0,2025,2020,0.2,840,-60,10,1,15,3.664304814909646,33.012170888990326,8.909043653775134,11.373679266991653,0.802873691739167,2.139663396383334,199906734907.65607,502991844780.65564,115554680069.88339,219924216000.0,19270394000.0,42582220000
0,0,2025,2020,0.2,840,-62,10,1,15,3.4974240215191132,32.964910053617785,8.895398094852078,10.843004991376654,0.7523431796716669,2.0775441364883336,190833806881.86993,502248588641.721,115381331713.71921,209681544000.0,18057572000.0,41345962000
0,0,2025,2020,0.2,840,-64,10,1,15,3.332597709689714,32.90435227416814,8.879078694743532,10.317232563891652,0.7018126676041668,1.9947184566283331,181850196605.5423,501326505207.4884,115153469461.51868,199463232000.0,16844750000.0,39697618000
0,0,2025,2020,0.2,840,-66,10,1,15,3.16620612246378,32.85647561331329,8.865235244460518,9.786558288276654,0.6512821555366669,1.9187949167566665,172784910981.77585,500573042143.29706,114978058946.53488,189220560000.0,15631928000.0,38186636000
0,0,2025,2020,0.2,840,-68,10,1,15,3.000396277578506,32.803688157620655,8.849921450023304,9.28163952002082,0.6007516434691669,1.8428713768849998,163748551731.27057,499740985144.58856,114784727271.99586,179451584000.0,14419106000.0,36675654000
0,0,2025,2020,0.2,840,-70,10,1,15,2.8329872733191634,32.76058612196922,8.838008322254575,8.759005763733322,0.5502211314016668,1.7669478370133331,154624793846.689,499076951868.03406,114622495577.94438,169364104000.0,13206284000.0,35164672000
0,0,2025,2020,0.2,840,-72,10,1,15,2.6682735761011687,32.69909161340195,8.82087798674956,8.244412526773322,0.4940761179933335,1.7048285771183331,145641624067.65756,498126089107.9864,114395818881.68428,159431816000.0,11858704000.0,33928414000
0,0,2025,2020,0.2,840,-74,10,1,15,2.5022084952122188,32.64876662646984,8.80621822692976,7.7073316812074895,0.4435456059258335,1.6427093172233331,136592318198.32822,497331278344.4631,114211156139.1278,149042072000.0,10645882000.0,32692156000
0,0,2025,2020,0.2,840,-76,10,1,15,2.3384195511007713,32.58674801581464,8.78876611469779,7.187965823673324,0.39301509385833344,1.5736879173399998,127663267246.31944,496367742878.46484,113981818504.96721,138970832000.0,9433060000.0,31318536000
0,0,2025,2020,0.2,840,-78,10,1,15,2.1718100602041908,32.5401129054236,8.775889578798994,6.69912809407249,0.34809908313166676,1.5115686574449998,118579495601.75917,495649619558.7337,113805670198.20421,129512240000.0,8354996000.0,30082278000
0,0,2025,2020,0.2,840,-80,10,1,15,2.0060976659806897,32.4858332890765,8.76199231672923,6.465953033574991,0.29756857106416673,1.4356451175733331,109539612471.74037,494842111303.2992,113597718626.69464,125011672000.0,7142174000.0,28571296000
0,0,2025,2020,0.2,840,-82,10,1,15,1.8417505795273208,32.42675683150079,8.745830488936505,6.203883794520825,0.25265256033750005,1.3666237176899998,100571368266.30183,493936303154.0472,113376387958.31053,119906576000.0,6064110000.0,27197676000
0,0,2025,2020,0.2,840,-84,10,1,15,1.6722945164577387,32.39785664872778,8.737919572424946,5.978749253350824,0.21335105095166668,1.2837980378299998,91335168930.20432,493493063704.12476,113263902790.15646,115561200000.0,5120804000.0,25549332000
0,0,2025,2020,0.2,840,-86,10,1,15,1.5090798070444484,32.331157692974806,8.71986088324384,5.707005545592492,0.1628205388841667,1.2423851978999998,82422606663.70813,492475279611.981,113013850199.86961,110292792000.0,3907982000.0,24725160000
0,0,2025,2020,0.2,840,-88,10,1,15,1.3418844271726813,32.29012401334871,8.710219790020359,5.45938339581666,0.14036253352083336,1.1733637980166665,73290271793.3948,491887306131.5143,112849629527.89091,105489960000.0,3368950000.0,23351540000
0,0,2025,2020,0.2,840,-90,10,1,15,1.1738849219429746,32.25385833624264,8.702586155534286,5.187639688058327,0.12351902949833335,1.1250488180983331,64113176065.924126,491390712862.0842,112698246737.95407,100221552000.0,2964676000.0,22390006000
0,0,2025,2020,0.2,840,-50,10,1,17,4.628950932519591,33.853278186527746,9.137954554996663,13.319355716690824,1.0667552547583332,2.491672535788334,252433399453.70544,515857328670.908,118570045287.38257,257595272000.0,25604020000.0,49587682000
0,0,2025,2020,0.2,840,-52,10,1,17,4.467413848229125,33.83011738730915,9.131228475673764,13.001002842344155,1.0218392440316666,2.408846855928334,243635346179.06512,515492075280.4398,118478538447.2692,251403832000.0,24525956000.0,47939338000
0,0,2025,2020,0.2,840,-54,10,1,17,4.311967803592859,33.7676047841772,9.114003714017933,12.656894460638322,0.9544652279416667,2.346727596033334,235155835645.16678,514530387250.90454,118244680707.79929,244738696000.0,22908860000.0,46703080000
0,0,2025,2020,0.2,840,-56,10,1,17,4.150477289508956,33.746255231108684,9.107166719173684,12.322460547636654,0.909549217215,2.270804056161667,226356981050.93933,514177143489.05273,118162328007.0504,238236872000.0,21830796000.0,45192098000
0,0,2025,2020,0.2,840,-58,10,1,17,3.9879456918688554,33.73045674429592,9.101888290354351,11.888272503951654,0.8590187051475001,2.19488051629,217522307386.46103,513910051126.0367,118100231843.68571,229856504000.0,20617974000.0,43681116000
0,0,2025,2020,0.2,840,-60,10,1,17,3.8265964761770874,33.70320656329049,9.093964339119886,11.373679266991653,0.802873691739167,2.139663396383334,208752726361.56717,513480039573.6009,117994286907.61009,219924216000.0,19270394000.0,42582220000
0,0,2025,2020,0.2,840,-62,10,1,17,3.6643224229479543,33.68575838584065,9.088245179902305,10.843004991376654,0.7523431796716669,2.0775441364883336,199932528074.6195,513187927891.25977,117926212299.87843,209681544000.0,18057572000.0,41345962000
0,0,2025,2020,0.2,840,-64,10,1,17,3.5040558479330057,33.65541921196789,9.07998628750365,10.317232563891652,0.7018126676041668,1.9947184566283331,191198480267.22626,512723812358.68713,117804822448.12325,199463232000.0,16844750000.0,39697618000
0,0,2025,2020,0.2,840,-66,10,1,17,3.342085195462321,33.639006799924346,9.074502984536553,9.786558288276654,0.6512821555366669,1.9187949167566665,182375376447.5074,512446347202.4421,117740521864.70354,189220560000.0,15631928000.0,38186636000
0,0,2025,2020,0.2,840,-68,10,1,17,3.1806019856252488,33.6183248852569,9.067712479472485,9.28163952002082,0.6007516434691669,1.8428713768849998,173576068578.7726,512099801247.95404,117660567168.46048,179451584000.0,14419106000.0,36675654000
0,0,2025,2020,0.2,840,-70,10,1,17,3.017349129814958,33.608690422444035,9.064709181537346,8.759005763733322,0.5502211314016668,1.7669478370133331,164680331440.56494,511942524667.95013,117616440350.40425,169364104000.0,13206284000.0,35164672000
0,0,2025,2020,0.2,840,-72,10,1,17,2.856757028310466,33.58095102509903,9.05655790877082,8.244412526773322,0.4940761179933335,1.7048285771183331,155923171231.23938,511502582268.5876,117508877985.75638,159431816000.0,11858704000.0,33928414000
0,0,2025,2020,0.2,840,-74,10,1,17,2.6946773844334846,33.56553700788391,9.051154746270809,7.7073316812074895,0.4435456059258335,1.6427093172233331,147093389058.92654,511235409101.5653,117447515453.93478,149042072000.0,10645882000.0,32692156000
0,0,2025,2020,0.2,840,-76,10,1,17,2.5349953366168823,33.53817754379648,9.042866492679915,7.187965823673324,0.39301509385833344,1.5736879173399998,138390337068.00217,510795030279.25616,117340532917.83311,138970832000.0,9433060000.0,31318536000
0,0,2025,2020,0.2,840,-78,10,1,17,2.372162015316526,33.52861687456577,9.039814587509097,6.69912809407249,0.34809908313166676,1.5115686574449998,129514478032.13522,510637097077.8246,117295320070.8838,129512240000.0,8354996000.0,30082278000
0,0,2025,2020,0.2,840,-80,10,1,17,2.2100900156536305,33.51240625768599,9.03606926933326,6.465953033574991,0.29756857106416673,1.4356451175733331,120674614282.85336,510406463743.79694,117221522667.17212,125011672000.0,7142174000.0,28571296000
0,0,2025,2020,0.2,840,-82,10,1,17,2.0493764107527754,33.49204919761543,9.030148142152997,6.203883794520825,0.25265256033750005,1.3666237176899998,111905855163.31142,510085185145.0523,117136896074.93433,119906576000.0,6064110000.0,27197676000
0,0,2025,2020,0.2,840,-84,10,1,17,1.8829993293014895,33.5054931345879,9.033474586271973,5.978749253350824,0.21335105095166668,1.2837980378299998,102841218251.64925,510282183097.6296,117174023543.7606,115561200000.0,5120804000.0,25549332000
0,0,2025,2020,0.2,840,-86,10,1,17,1.7231468232933664,33.480075401405806,9.026319168987655,5.707005545592492,0.1628205388841667,1.2423851978999998,94113824799.8833,509887213600.9166,117069763975.5548,110292792000.0,3907982000.0,24725160000
0,0,2025,2020,0.2,840,-88,10,1,17,1.5587584823561493,33.484559083462536,9.028746017945844,5.45938339581666,0.14036253352083336,1.1733637980166665,85135558149.50441,509987156593.8181,117066365579.68947,105489960000.0,3368950000.0,23351540000
0,0,2025,2020,0.2,840,-90,10,1,17,1.3932941356586617,33.49627968465032,9.033846079879668,5.187639688058327,0.12351902949833335,1.1250488180983331,76097597947.80098,510216083657.70026,117084487900.05678,100221552000.0,2964676000.0,22390006000
0,0,2025,2020,0.2,840,-50,10,1,19,4.7812553425612485,34.288762189735145,9.254604431249266,13.319355716690824,1.0667552547583332,2.491672535788334,260735808513.84613,522469867511.12244,120107670230.79195,257595272000.0,25604020000.0,49587682000
0,0,2025,2020,0.2,840,-52,10,1,19,4.625332975596251,34.286949192795426,9.253582014937843,13.001002842344155,1.0218392440316666,2.408846855928334,252244601967.8389,522428386632.9734,120091464045.53514,251403832000.0,24525956000.0,47939338000
0,0,2025,2020,0.2,840,-54,10,1,19,4.475606980016446,34.24523343764835,9.241904982267464,12.656894460638322,0.9544652279416667,2.346727596033334,244077081301.66977,521781888104.93744,119930908235.26782,244738696000.0,22908860000.0,46703080000
0,0,2025,2020,0.2,840,-56,10,1,19,4.319637719627805,34.24607843681646,9.240977440682816,12.322460547636654,0.909549217215,2.270804056161667,235579860217.53418,521764727796.92163,119926907366.40414,238236872000.0,21830796000.0,45192098000
0,0,2025,2020,0.2,840,-58,10,1,19,4.162570841917801,34.25294994434039,9.241732650199248,11.888272503951654,0.8590187051475001,2.19488051629,227044440381.62424,521840855821.3162,119944859181.97919,229856504000.0,20617974000.0,43681116000
0,0,2025,2020,0.2,840,-60,10,1,19,4.006621133991105,34.24876104300086,9.239954353865748,11.373679266991653,0.802873691739167,2.139663396383334,218570675194.33902,521760193357.50183,119920292305.81522,219924216000.0,19270394000.0,42582220000
0,0,2025,2020,0.2,840,-62,10,1,19,3.849706769519708,34.25484917443809,9.240492878626313,10.843004991376654,0.7523431796716669,2.0775441364883336,210044476097.7318,521824248351.4253,119935328552.11171,209681544000.0,18057572000.0,41345962000
0,0,2025,2020,0.2,840,-64,10,1,19,3.6947654976815083,34.24836679444094,9.238597544945778,10.317232563891652,0.7018126676041668,1.9947184566283331,201601927004.4309,521721686425.41565,119897995858.59984,199463232000.0,16844750000.0,39697618000
0,0,2025,2020,0.2,840,-66,10,1,19,3.5379958892522216,34.25679457882817,9.239714358280903,9.786558288276654,0.6512821555366669,1.9187949167566665,193064495058.11093,521820009091.23926,119921413642.2062,189220560000.0,15631928000.0,38186636000
0,0,2025,2020,0.2,840,-68,10,1,19,3.3816465969882383,34.26145914391671,9.239652765879576,9.28163952002082,0.6007516434691669,1.8428713768849998,184546808729.39047,521856761329.55695,119930967086.72081,179451584000.0,14419106000.0,36675654000
0,0,2025,2020,0.2,840,-70,10,1,19,3.223404182446812,34.27824644913421,9.243683544128974,8.759005763733322,0.5502211314016668,1.7669478370133331,175925563682.20413,522099555825.77313,119980080960.23944,169364104000.0,13206284000.0,35164672000
0,0,2025,2020,0.2,840,-72,10,1,19,3.0677937752405837,34.2771558238078,9.242621005103565,8.244412526773322,0.4940761179933335,1.7048285771183331,167441307792.85165,522062971605.91614,119966556225.8158,159431816000.0,11858704000.0,33928414000
0,0,2025,2020,0.2,840,-74,10,1,19,2.910579503782045,34.28930309847401,9.244525682592636,7.7073316812074895,0.4435456059258335,1.6427093172233331,158879309514.694,522212354436.1155,120002535965.62347,149042072000.0,10645882000.0,32692156000
0,0,2025,2020,0.2,840,-76,10,1,19,2.755860996186856,34.2893061185188,9.243472054244766,7.187965823673324,0.39301509385833344,1.5736879173399998,150449153468.5105,522184994016.7272,119992149559.57016,138970832000.0,9433060000.0,31318536000
0,0,2025,2020,0.2,840,-78,10,1,19,2.597737131145491,34.309014744942154,9.248176436490912,6.69912809407249,0.34809908313166676,1.5115686574449998,141831911678.1337,522469316171.86176,120050306812.4772,129512240000.0,8354996000.0,30082278000
0,0,2025,2020,0.2,840,-80,10,1,19,2.4402673969238378,34.32285860132482,9.25244581086283,6.465953033574991,0.29756857106416673,1.4356451175733331,133244433678.57738,522694110407.35175,120082420593.8646,125011672000.0,7142174000.0,28571296000
0,0,2025,2020,0.2,840,-82,10,1,19,2.2841505998263574,34.33306948665331,9.25460944732389,6.203883794520825,0.25265256033750005,1.3666237176899998,124727638497.04805,522834302506.3642,120105718272.2698,119906576000.0,6064110000.0,27197676000
0,0,2025,2020,0.2,840,-84,10,1,19,2.121932563072382,34.379942991845326,9.266807491940472,5.978749253350824,0.21335105095166668,1.2837980378299998,115892921316.97859,523536751039.8549,120260960980.81442,115561200000.0,5120804000.0,25549332000
0,0,2025,2020,0.2,840,-86,10,1,19,1.9664626979092852,34.38711569753574,9.268259920890756,5.707005545592492,0.1628205388841667,1.2423851978999998,107406189483.88895,523633477276.40027,120271801166.88708,110292792000.0,3907982000.0,24725160000
0,0,2025,2020,0.2,840,-88,10,1,19,1.806018710077014,34.42753413881542,9.28021409262387,5.45938339581666,0.14036253352083336,1.1733637980166665,98644031351.02695,524276512221.953,120395367725.84605,105489960000.0,3368950000.0,23351540000
0,0,2025,2020,0.2,840,-90,10,1,19,1.644284074061525,34.477138643919034,9.295367072783892,5.187639688058327,0.12351902949833335,1.1250488180983331,89810390697.75652,525078218496.3317,120547309870.13477,100221552000.0,2964676000.0,22390006000
0,0,2025,2020,0.2,840,-50,10,1,21,4.9436916202961605,34.64129685899804,9.34903528345367,13.319355716690824,1.0667552547583332,2.491672535788334,269593756959.91223,527822875143.6726,121352414232.59865,257595272000.0,25604020000.0,49587682000
0,0,2025,2020,0.2,840,-52,10,1,21,4.7938788892144215,34.65676541628444,9.352630118151692,13.001002842344155,1.0218392440316666,2.408846855928334,261436428172.0281,528043495823.1214,121397165720.3227,251403832000.0,24525956000.0,47939338000
0,0,2025,2020,0.2,840,-54,10,1,21,4.650350719740588,34.63188520474412,9.34544410418379,12.656894460638322,0.9544652279416667,2.346727596033334,253606948757.5361,527652150701.0563,121295949567.02815,244738696000.0,22908860000.0,46703080000
0,0,2025,2020,0.2,840,-56,10,1,21,4.5004173245745145,34.65069722238908,9.349300405714011,12.322460547636654,0.909549217215,2.270804056161667,245439385206.98782,527907057950.911,121355376371.59352,238236872000.0,21830796000.0,45192098000
0,0,2025,2020,0.2,840,-58,10,1,21,4.349317480242201,34.67592063009065,9.354939989121364,11.888272503951654,0.8590187051475001,2.19488051629,237231696495.81485,528261031050.8308,121438128932.0266,229856504000.0,20617974000.0,43681116000
0,0,2025,2020,0.2,840,-60,10,1,21,4.199279991414056,34.690400383719144,9.358136746755243,11.373679266991653,0.802873691739167,2.139663396383334,229082879297.73035,528463174992.0916,121479439532.93373,219924216000.0,19270394000.0,42582220000
0,0,2025,2020,0.2,840,-62,10,1,21,4.048253663137578,34.71554171758816,9.36374101568848,10.843004991376654,0.7523431796716669,2.0775441364883336,220880157571.09796,528815555390.60046,121561755994.39401,209681544000.0,18057572000.0,41345962000
0,0,2025,2020,0.2,840,-64,10,1,21,3.899187023631837,34.72837198025271,9.366997134303654,10.317232563891652,0.7018126676041668,1.9947184566283331,212759061652.7219,529005679717.5334,121592469571.8427,199463232000.0,16844750000.0,39697618000
0,0,2025,2020,0.2,840,-66,10,1,21,3.748191456806288,34.75690849508356,9.373456898931009,9.786558288276654,0.6512821555366669,1.9187949167566665,204538365915.0475,529408211572.6447,121686897462.0889,189220560000.0,15631928000.0,38186636000
0,0,2025,2020,0.2,840,-68,10,1,21,3.5975618656717967,34.78209163902207,9.378842521542474,9.28163952002082,0.6007516434691669,1.8428713768849998,196334136953.663,529755252824.18463,121768909877.69292,179451584000.0,14419106000.0,36675654000
0,0,2025,2020,0.2,840,-70,10,1,21,3.444939195251669,34.82026799455032,9.388567551941298,8.759005763733322,0.5502211314016668,1.7669478370133331,188020577815.1054,530321914382.1131,121893504311.05878,169364104000.0,13206284000.0,35164672000
0,0,2025,2020,0.2,840,-72,10,1,21,3.29492526080943,34.84075018466688,9.393243511658483,8.244412526773322,0.4940761179933335,1.7048285771183331,179842722495.9063,530611858212.30963,121956105277.2889,159431816000.0,11858704000.0,33928414000
0,0,2025,2020,0.2,840,-74,10,1,21,3.143213296783854,34.87520898133262,9.401064059615127,7.7073316812074895,0.4435456059258335,1.6427093172233331,171582979681.30164,531098453040.2821,122070885903.6585,149042072000.0,10645882000.0,32692156000
0,0,2025,2020,0.2,840,-76,10,1,21,2.994076565795324,34.897362583770224,9.405867032654456,7.187965823673324,0.39301509385833344,1.5736879173399998,163459217425.32593,531405440851.8254,122138696364.78537,138970832000.0,9433060000.0,31318536000
0,0,2025,2020,0.2,840,-78,10,1,21,2.8413287903433257,34.9407654019125,9.416850314237939,6.69912809407249,0.34809908313166676,1.5115686574449998,155136810478.1396,532047779247.97314,122280534174.71664,129512240000.0,8354996000.0,30082278000
0,0,2025,2020,0.2,840,-80,10,1,21,2.689148372192135,34.978939069985294,9.427607773053488,6.465953033574991,0.29756857106416673,1.4356451175733331,146839122777.59573,532641252944.514,122398385582.14003,125011672000.0,7142174000.0,28571296000
0,0,2025,2020,0.2,840,-82,10,1,21,2.538316473077122,35.013895434921764,9.436316218176456,6.203883794520825,0.25265256033750005,1.3666237176899998,138611776428.44376,533155016560.7579,122509050527.25372,119906576000.0,6064110000.0,27197676000
0,0,2025,2020,0.2,840,-84,10,1,21,2.381028954648509,35.08783097153045,9.455696034624696,5.978749253350824,0.21335105095166668,1.2837980378299998,130048662770.80354,534266639374.0547,122759910334.62292,115561200000.0,5120804000.0,25549332000
0,0,2025,2020,0.2,840,-86,10,1,21,2.230670614215843,35.12138641345022,9.464116720050272,5.707005545592492,0.1628205388841667,1.2423851978999998,121842230273.48428,534761405013.6898,122863926512.24995,110292792000.0,3907982000.0,24725160000
0,0,2025,2020,0.2,840,-88,10,1,21,2.074983346753118,35.190894897910894,9.483783486410887,5.45938339581666,0.14036253352083336,1.1733637980166665,113340495156.41258,535844085825.6824,123090274225.11633,105489960000.0,3368950000.0,23351540000
0,0,2025,2020,0.2,840,-90,10,1,21,1.9178316729553084,35.27116732523215,9.507074543230226,5.187639688058327,0.12351902949833335,1.1250488180983331,104757734067.77257,537109470508.56586,123350546703.05736,100221552000.0,2964676000.0,22390006000
0,0,2025,2020,0.2,840,-50,10,1,23,5.113603611508546,34.93252115099764,9.427043378753012,13.319355716690824,1.0667552547583332,2.491672535788334,278862321473.8382,532244924927.0861,122380681016.69913,257595272000.0,25604020000.0,49587682000
0,0,2025,2020,0.2,840,-52,10,1,23,4.970266694585481,34.96226577481875,9.434452464284888,13.001002842344155,1.0218392440316666,2.408846855928334,271058849900.65515,532682064284.54504,122475788842.97256,251403832000.0,24525956000.0,47939338000
0,0,2025,2020,0.2,840,-54,10,1,23,4.833288432464777,34.95129318625832,9.430976422288545,12.656894460638322,0.9544652279416667,2.346727596033334,263586667108.58362,532501498063.0698,122423592406.31023,244738696000.0,22908860000.0,46703080000
0,0,2025,2020,0.2,840,-56,10,1,23,4.689770411489772,34.98494752351417,9.438784594218045,12.322460547636654,0.909549217215,2.270804056161667,255769474500.295,532981156773.76746,122535415984.57614,238236872000.0,21830796000.0,45192098000
0,0,2025,2020,0.2,840,-58,10,1,23,4.545020450786541,35.02533119658031,9.44845909518739,11.888272503951654,0.8590187051475001,2.19488051629,247910565350.15543,533564654066.5192,122671699595.10878,229856504000.0,20617974000.0,43681116000
0,0,2025,2020,0.2,840,-60,10,1,23,4.401277170287159,35.05523288257289,9.455765680011728,11.373679266991653,0.802873691739167,2.139663396383334,240108228601.1393,534000420690.22974,122767430720.55307,219924216000.0,19270394000.0,42582220000
0,0,2025,2020,0.2,840,-62,10,1,23,4.256529395876514,35.096113818450974,9.465554694131127,10.843004991376654,0.7523431796716669,2.0775441364883336,232250772464.22037,534590982944.7001,122905326490.19258,209681544000.0,18057572000.0,41345962000
0,0,2025,2020,0.2,840,-64,10,1,23,4.113743414600869,35.124898003314726,9.473066360295059,10.317232563891652,0.7018126676041668,1.9947184566283331,224473269974.4253,535022891567.54364,122992252204.52289,199463232000.0,16844750000.0,39697618000
0,0,2025,2020,0.2,840,-66,10,1,23,3.9689454093165804,35.17004607807731,9.48393986729421,9.786558288276654,0.6512821555366669,1.9187949167566665,216592271041.01575,535676726665.98413,123145340617.64462,189220560000.0,15631928000.0,38186636000
0,0,2025,2020,0.2,840,-68,10,1,23,3.8244684897662595,35.21217935237054,9.493825363177113,9.28163952002082,0.6007516434691669,1.8428713768849998,208725030275.85785,536280093624.0988,123287210444.14937,179451584000.0,14419106000.0,36675654000
0,0,2025,2020,0.2,840,-70,10,1,23,3.6779159177495857,35.268024923372174,9.508254341003608,8.759005763733322,0.5502211314016668,1.7669478370133331,200743691606.76532,537114297537.3449,123474158383.47485,169364104000.0,13206284000.0,35164672000
0,0,2025,2020,0.2,840,-72,10,1,23,3.5339528575461747,35.30632813494175,9.51767079968221,8.244412526773322,0.4940761179933335,1.7048285771183331,192896994955.686,537673981930.6425,123599645798.07274,159431816000.0,11858704000.0,33928414000
0,0,2025,2020,0.2,840,-74,10,1,23,3.3882139790076233,35.35921818891166,9.530378371068508,7.7073316812074895,0.4435456059258335,1.6427093172233331,184964986590.7005,538439143191.54834,123779522808.99153,149042072000.0,10645882000.0,32692156000
0,0,2025,2020,0.2,840,-76,10,1,23,3.2451159819539104,35.399670098543176,9.540019406123243,7.187965823673324,0.39301509385833344,1.5736879173399998,177172377402.01562,539022331715.5928,123911930682.13576,138970832000.0,9433060000.0,31318536000
0,0,2025,2020,0.2,840,-78,10,1,23,3.0982370250748565,35.462646379410785,9.556189604550871,6.69912809407249,0.34809908313166676,1.5115686574449998,169171574826.76877,539960422658.6828,124122895908.74242,129512240000.0,8354996000.0,30082278000
0,0,2025,2020,0.2,840,-80,10,1,23,2.9518537430241594,35.52091858757398,9.572306785297767,6.465953033574991,0.29756857106416673,1.4356451175733331,161191324266.00156,540858457649.1212,124311574050.71457,125011672000.0,7142174000.0,28571296000
0,0,2025,2020,0.2,840,-82,10,1,23,2.8068153302850223,35.57631687044791,9.586421811489467,6.203883794520825,0.25265256033750005,1.3666237176899998,153281132975.50714,541680823823.09106,124494411955.28606,119906576000.0,6064110000.0,27197676000
0,0,2025,2020,0.2,840,-84,10,1,23,2.6550285498196886,35.67260799822645,9.611734395972434,5.978749253350824,0.21335105095166668,1.2837980378299998,145020432598.7276,543130460171.8656,124824259800.81018,115561200000.0,5120804000.0,25549332000
0,0,2025,2020,0.2,840,-86,10,1,23,2.5103204743808285,35.727957874423474,9.625911467182206,5.707005545592492,0.1628205388841667,1.2423851978999998,137123596880.2609,543954040970.5927,125005247449.72536,110292792000.0,3907982000.0,24725160000
0,0,2025,2020,0.2,840,-88,10,1,23,2.359990372657043,35.821497264120055,9.651949507365211,5.45938339581666,0.14036253352083336,1.1733637980166665,128915038973.35088,545399907498.3243,125316501333.20808,105489960000.0,3368950000.0,23351540000
0,0,2025,2020,0.2,840,-90,10,1,23,2.208052325255388,35.927104061969395,9.681963323164172,5.187639688058327,0.12351902949833335,1.1250488180983331,120617571374.35298,547048330866.50226,125666264086.77618,100221552000.0,2964676000.0,22390006000
0,0,2025,2020,0.2,840,-50,10,1,25,5.289170853884381,35.177149556277605,9.49257017880449,13.319355716690824,1.0667552547583332,2.491672535788334,288442954199.3387,535959446745.1561,123244425115.34569,257595272000.0,25604020000.0,49587682000
0,0,2025,2020,0.2,840,-52,10,1,25,5.152587320533581,35.21888607598745,9.503183235036683,13.001002842344155,1.0218392440316666,2.408846855928334,281008524227.85455,536578461792.1429,123381832265.99968,251403832000.0,24525956000.0,47939338000
0,0,2025,2020,0.2,840,-54,10,1,25,5.022424689093215,35.219595890729686,9.502823569496499,12.656894460638322,0.9544652279416667,2.346727596033334,273908272139.96652,536574949847.1574,123370812391.30504,244738696000.0,22908860000.0,46703080000
0,0,2025,2020,0.2,840,-56,10,1,25,4.8856093049967155,35.2657177764597,9.513951312561492,12.322460547636654,0.909549217215,2.270804056161667,266457192664.53232,537243399784.97034,123526649259.48314,238236872000.0,21830796000.0,45192098000
0,0,2025,2020,0.2,840,-58,10,1,25,4.7475069769275935,35.318836072431495,9.527015144282876,11.888272503951654,0.8590187051475001,2.19488051629,258963059887.0114,538019697399.6934,123707898952.09726,229856504000.0,20617974000.0,43681116000
0,0,2025,2020,0.2,840,-60,10,1,25,4.610362381249346,35.3616921816102,9.53777398394724,11.373679266991653,0.802873691739167,2.139663396383334,251523568256.56412,538651707076.6615,123849343318.15306,219924216000.0,19270394000.0,42582220000
0,0,2025,2020,0.2,840,-62,10,1,25,4.472199046347469,35.41579438317588,9.551078184023108,10.843004991376654,0.7523431796716669,2.0775441364883336,244027936756.35696,539442342090.1525,124033925706.66356,209681544000.0,18057572000.0,41345962000
0,0,2025,2020,0.2,840,-64,10,1,25,4.3360023029841415,35.45797986268658,9.56216451012776,10.317232563891652,0.7018126676041668,1.9947184566283331,236610854287.91983,540077349521.5515,124168069615.97247,199463232000.0,16844750000.0,39697618000
0,0,2025,2020,0.2,840,-66,10,1,25,4.197723734393557,35.517081647791834,9.576745560719324,9.786558288276654,0.6512821555366669,1.9187949167566665,229087002211.44656,540942279344.3877,124370432868.31142,189220560000.0,15631928000.0,38186636000
0,0,2025,2020,0.2,840,-68,10,1,25,4.05972854397293,35.57345303158278,9.590410950150142,9.28163952002082,0.6007516434691669,1.8428713768849998,221574633072.46838,541760959896.0248,124562582919.97203,179451584000.0,14419106000.0,36675654000
0,0,2025,2020,0.2,840,-70,10,1,25,3.919588339614228,35.64414074358249,9.60879124381596,8.759005763733322,0.5502211314016668,1.7669478370133331,213944161139.07928,542819899387.7396,124801907804.30386,169364104000.0,13206284000.0,35164672000
0,0,2025,2020,0.2,840,-72,10,1,25,3.7820214987704888,35.69741361317291,9.62218972162209,8.244412526773322,0.4940761179933335,1.7048285771183331,206447439310.57507,543606165854.04065,124980219835.5312,159431816000.0,11858704000.0,33928414000
0,0,2025,2020,0.2,840,-74,10,1,25,3.6426134970400312,35.76578592327815,9.639002392689317,7.7073316812074895,0.4435456059258335,1.6427093172233331,198862529424.6186,544605322918.6111,125214777809.47116,149042072000.0,10645882000.0,32692156000
0,0,2025,2020,0.2,840,-76,10,1,25,3.505901521490686,35.821608410952244,9.65270739983695,7.187965823673324,0.39301509385833344,1.5736879173399998,191419890353.8144,545420520041.1657,125401447508.71199,138970832000.0,9433060000.0,31318536000
0,0,2025,2020,0.2,840,-78,10,1,25,3.3652658572118677,35.901026400508776,9.673234608413644,6.69912809407249,0.34809908313166676,1.5115686574449998,183761036992.34485,546607043123.67725,125670479765.32301,129512240000.0,8354996000.0,30082278000
0,0,2025,2020,0.2,840,-80,10,1,25,3.2250656544846503,35.97618138234853,9.693853955583025,6.465953033574991,0.29756857106416673,1.4356451175733331,176119235170.344,547760909600.9941,125918652364.31747,125011672000.0,7142174000.0,28571296000
0,0,2025,2020,0.2,840,-82,10,1,25,3.0862072553002693,36.0487508762899,9.712510509872406,6.203883794520825,0.25265256033750005,1.3666237176899998,168547255670.47125,548842501923.4444,126162115554.83148,119906576000.0,6064110000.0,27197676000
0,0,2025,2020,0.2,840,-84,10,1,25,2.940354579723204,36.16382070065142,9.742806619504643,5.978749253350824,0.21335105095166668,1.2837980378299998,160612383990.97177,550576069642.0271,126558313352.40956,115561200000.0,5120804000.0,25549332000
0,0,2025,2020,0.2,840,-86,10,1,25,2.801706211877957,36.2374779016402,9.761819054772772,5.707005545592492,0.1628205388841667,1.2423851978999998,153047411108.08194,551675855174.3745,126803957037.20125,110292792000.0,3907982000.0,24725160000
0,0,2025,2020,0.2,840,-88,10,1,25,2.657189614374152,36.35120325173598,9.793208964967125,5.45938339581666,0.14036253352083336,1.1733637980166665,145156923599.07245,553426797703.3503,127186532104.00806,105489960000.0,3368950000.0,23351540000
0,0,2025,2020,0.2,840,-90,10,1,25,2.510944498144322,36.47809092082863,9.828869898308778,5.187639688058327,0.12351902949833335,1.1250488180983331,137170904072.72647,555396973567.1692,127611466689.1009,100221552000.0,2964676000.0,22390006000
0,0,2025,2020,0.2,840,-50,10,1,27,5.46913287977492,35.38553671633083,9.54838930477418,13.319355716690824,1.0667552547583332,2.491672535788334,298266306644.94635,539123669034.6171,123980207125.30174,257595272000.0,25604020000.0,49587682000
0,0,2025,2020,0.2,840,-52,10,1,27,5.339518418540311,35.437488554761046,9.561731669380926,13.001002842344155,1.0218392440316666,2.408846855928334,291212728353.94464,539897615224.5411,124153647033.76225,251403832000.0,24525956000.0,47939338000
0,0,2025,2020,0.2,840,-54,10,1,27,5.21637788453046,35.44815004639048,9.56402669489595,12.656894460638322,0.9544652279416667,2.346727596033334,284495789033.8351,540044927292.8618,124177703489.63435,244738696000.0,22908860000.0,46703080000
0,0,2025,2020,0.2,840,-56,10,1,27,5.086488343885084,35.50489243637584,9.577982220779845,12.322460547636654,0.909549217215,2.270804056161667,277423066617.2645,540874199387.1052,124371033160.32785,238236872000.0,21830796000.0,45192098000
0,0,2025,2020,0.2,840,-58,10,1,27,4.955265003799758,35.56885874445278,9.593933260179066,11.888272503951654,0.8590187051475001,2.19488051629,270306152176.9364,541814734313.1393,124590587293.2374,229856504000.0,20617974000.0,43681116000
0,0,2025,2020,0.2,840,-60,10,1,27,4.8249576998201835,35.622750103012336,9.607632909521904,11.373679266991653,0.802873691739167,2.139663396383334,263242233741.33365,542613913998.43976,124770972567.96097,219924216000.0,19270394000.0,42582220000
0,0,2025,2020,0.2,840,-62,10,1,27,4.693619521721094,35.68811486423798,9.623931527264265,10.843004991376654,0.7523431796716669,2.0775441364883336,256121306136.6135,543574981362.1977,124995325039.2131,209681544000.0,18057572000.0,41345962000
0,0,2025,2020,0.2,840,-64,10,1,27,4.564252022689627,35.74171626141107,9.63806293405935,10.317232563891652,0.7018126676041668,1.9947184566283331,249077731039.4776,544382998889.7826,125169691855.35703,199463232000.0,16844750000.0,39697618000
0,0,2025,2020,0.2,840,-66,10,1,27,4.432743238133392,35.81270454051163,9.655802262525793,9.786558288276654,0.6512821555366669,1.9187949167566665,241924598083.12488,545427750144.5068,125414029970.73076,189220560000.0,15631928000.0,38186636000
0,0,2025,2020,0.2,840,-68,10,1,27,4.301485710489118,35.881204684245155,9.67268756127536,9.28163952002082,0.6007516434691669,1.8428713768849998,234781009904.7379,546429845979.5154,125649011325.3027,179451584000.0,14419106000.0,36675654000
0,0,2025,2020,0.2,840,-70,10,1,27,4.168024083208592,35.964535701539724,9.69443379065619,8.759005763733322,0.5502211314016668,1.7669478370133331,227515907358.57156,547680226889.92773,125932953607.23343,169364104000.0,13206284000.0,35164672000
0,0,2025,2020,0.2,840,-72,10,1,27,4.0371220634851515,36.03056050203644,9.71122435883018,8.244412526773322,0.4940761179933335,1.7048285771183331,220383795139.4386,548659507714.7137,126156264385.95906,159431816000.0,11858704000.0,33928414000
0,0,2025,2020,0.2,840,-74,10,1,27,3.904323220701424,36.112121400701014,9.73153396666261,7.7073316812074895,0.4435456059258335,1.6427093172233331,213161044644.2779,549857994537.962,126437402439.50902,149042072000.0,10645882000.0,32692156000
0,0,2025,2020,0.2,840,-76,10,1,27,3.7742673792104466,36.18103734374509,9.748700875963527,7.187965823673324,0.39301509385833344,1.5736879173399998,206083011175.1402,550870828614.795,126670295175.79456,138970832000.0,9433060000.0,31318536000
0,0,2025,2020,0.2,840,-78,10,1,27,3.6401662651087054,36.27446123329613,9.772939611704066,6.69912809407249,0.34809908313166676,1.5115686574449998,198781930793.3255,552268979075.3379,126988791939.44662,129512240000.0,8354996000.0,30082278000
0,0,2025,2020,0.2,840,-80,10,1,27,3.5064493197673383,36.363997837156674,9.797394137677982,6.465953033574991,0.29756857106416673,1.4356451175733331,191494920064.86203,553640776078.5137,127287645001.83093,125011672000.0,7142174000.0,28571296000
0,0,2025,2020,0.2,840,-82,10,1,27,3.374071566387872,36.45119465904398,9.819919401087448,6.203883794520825,0.25265256033750005,1.3666237176899998,184277529813.80496,554943190675.5989,127582751954.44528,119906576000.0,6064110000.0,27197676000
0,0,2025,2020,0.2,840,-84,10,1,27,3.234490058862911,36.582261150865016,9.854460735846803,5.978749253350824,0.21335105095166668,1.2837980378299998,176686698822.12894,556918625857.3514,128035470081.54832,115561200000.0,5120804000.0,25549332000
0,0,2025,2020,0.2,840,-86,10,1,27,3.102219853967062,36.671513480381044,9.87759218494272,5.707005545592492,0.1628205388841667,1.2423851978999998,169470906818.95377,558253696903.5325,128336191130.23964,110292792000.0,3907982000.0,24725160000
0,0,2025,2020,0.2,840,-88,10,1,27,2.963871690612503,36.80243427822324,9.91354109551664,5.45938339581666,0.14036253352083336,1.1733637980166665,161917851076.06302,560264518989.1072,128779521279.13135,105489960000.0,3368950000.0,23351540000
0,0,2025,2020,0.2,840,-90,10,1,27,2.8236922981577686,36.94745009689369,9.95401253639483,5.187639688058327,0.12351902949833335,1.1250488180983331,154263622075.8192,562508780312.1754,129268491128.11632,100221552000.0,2964676000.0,22390006000
